{
  "accuracy": 0.9985197194515913,
  "precision": 0.5384615384615384,
  "recall": 0.8105263157894737,
  "f1_score": 0.6470588235294118,
  "roc_auc": 0.9781455058627664
}